/*
SQLyog Enterprise v12.08 (64 bit)
MySQL - 5.7.22 : Database - mkds
*********************************************************************
*/

/*!40101 SET NAMES utf8 */;

/*!40101 SET SQL_MODE=''*/;

/*!40014 SET @OLD_UNIQUE_CHECKS=@@UNIQUE_CHECKS, UNIQUE_CHECKS=0 */;
/*!40014 SET @OLD_FOREIGN_KEY_CHECKS=@@FOREIGN_KEY_CHECKS, FOREIGN_KEY_CHECKS=0 */;
/*!40101 SET @OLD_SQL_MODE=@@SQL_MODE, SQL_MODE='NO_AUTO_VALUE_ON_ZERO' */;
/*!40111 SET @OLD_SQL_NOTES=@@SQL_NOTES, SQL_NOTES=0 */;
/*Table structure for table `subject_exam_test` */

CREATE TABLE `subject_exam_test` (
  `id` int(11) NOT NULL,
  `exam_type_id` int(11) DEFAULT NULL,
  `title` varchar(255) DEFAULT NULL,
  `total_grade` int(10) DEFAULT NULL,
  `duration` int(10) DEFAULT NULL,
  PRIMARY KEY (`id`)
) ENGINE=InnoDB DEFAULT CHARSET=utf8;

/*Data for the table `subject_exam_test` */

insert  into `subject_exam_test`(`id`,`exam_type_id`,`title`,`total_grade`,`duration`) values (1979,1025,'[官方版]2010年福建二级建造师《建设工程法规及相关知识》执业资格考试真题',100,120),(1981,1027,'[官方版]2010年福建二级建造师《建设工程施工管理》执业资格考试真题',120,180),(1982,1027,'[官方版]2012年（10月）二级建造师《建设工程施工管理》执业资格考试真题',120,180),(1987,1028,'[官方版]2010年福建二级建造师《公路工程管理与实务》执业资格考试真题',120,180),(1988,1028,'[官方版]2012年（10月）二级建造师《公路工程管理与实务》执业资格考试真题',120,180),(1991,1028,'[官方版]2012年（6月）二级建造师《公路工程管理与实务》执业资格考试真题',120,180),(2062,1027,'[官方版]2013年二级建造师《建设工程施工管理》执业资格考试真题',120,180),(2063,1027,'[官方版]2012年（6月）二级建造师《建设工程施工管理》执业资格考试真题',120,180),(2064,1027,'[官方版]2011年二级建造师《建设工程施工管理》执业资格考试真题',120,180),(2065,1027,'[官方版]2010年二级建造师《建设工程施工管理》执业资格考试真题',120,180),(2066,1027,'[官方版]2009年二级建造师《建设工程施工管理》执业资格考试真题（新）',120,180),(2080,1028,'[官方版]2013年级建造师《公路工程管理与实务》执业资格考试真题',120,180),(2081,1028,'[官方版]2011年级建造师《公路工程管理与实务》执业资格考试真题',120,180),(2082,1028,'[官方版]2010年级建造师《公路工程管理与实务》执业资格考试真题',120,180),(2083,1028,'[官方版]2009年级建造师《公路工程管理与实务》执业资格考试真题',120,180),(2089,1025,'[官方版]2013年二级建造师《建设工程法规及相关知识》执业资格考试真题',100,120),(2090,1025,'[官方版]2012年（10月）二级建造师《建设工程法规及相关知识》执业资格考试真题',100,120),(2091,1025,'[官方版]2012年（6月）二级建造师《建设工程法规及相关知识》执业资格考试真题',100,120),(2092,1025,'[官方版]2011年二级建造师《建设工程法规及相关知识》执业资格考试真题',100,120),(2093,1025,'[官方版]2010年二级建造师《建设工程法规及相关知识》执业资格考试真题',100,120),(2094,1025,'[官方版]2009年二级建造师《建设工程法规及相关知识》执业资格考试真题',100,120),(2423,1027,'[官方版]2014年（5月）二级建造师《建设工程施工管理》执业资格考试真题',120,180),(2424,1025,'[官方版]2014年（5月）二级建造师《建设工程法规及相关知识》执业资格考试真题',100,120),(2429,1028,'[官方版]2014年（5月）二级建造师《公路工程管理与实务》执业资格考试真题',120,180),(2944,1025,'[官方版]2015年（5月）二级建造师《建设工程法规及相关知识》执业资格考试真题',100,120),(2954,1028,'2015年级建造师《公路工程管理与实务》执业资格考试真题',120,180),(2956,1027,'[官方版]2015年（5月）二级建造师《建设工程施工管理》执业资格考试真题',120,180),(3078,1025,'[官方版]2016年二级建造师《建设工程法规及相关知识》执业资格考试真题',100,120),(3083,1027,'[官方版]2016年二级建造师《建设工程施工管理》执业资格考试真题',120,180),(3123,1028,'[官方版]2016年二级建造师《公路工程管理与实务》执业资格考试真题',120,180),(3415,1027,'2017年二级建造师《建设工程施工管理》执业资格考试真题',120,180),(3417,1025,'2017年二级建造师《建设工程法规及相关知识》执业资格考试真题',100,120),(3419,1028,'2017年二级建造师《公路工程管理与实务》执业资格考试真题',100,180),(3723,1027,'2018年二级建造师《建设工程施工管理》执业资格考试真题',120,180),(3728,1025,'2018年二级建造师《建设工程法规及相关知识》执业资格考试真题',100,120),(3730,1028,'2018年二级建造师《公路工程管理与实务》执业资格考试真题',120,180);

/*Table structure for table `subject_exam_type` */

CREATE TABLE `subject_exam_type` (
  `id` int(11) NOT NULL,
  `name` varchar(255) DEFAULT NULL,
  PRIMARY KEY (`id`)
) ENGINE=InnoDB DEFAULT CHARSET=utf8;

/*Data for the table `subject_exam_type` */

insert  into `subject_exam_type`(`id`,`name`) values (1025,'建设工程法规及相关知识'),(1027,'建设工程施工管理'),(1028,'公路工程管理与实务');

/*Table structure for table `subject_topic` */

CREATE TABLE `subject_topic` (
  `id` int(11) NOT NULL,
  `exam_type_id` int(11) DEFAULT NULL,
  `name` varchar(255) DEFAULT NULL,
  `parent_id` int(11) DEFAULT NULL,
  `sort` int(10) DEFAULT NULL,
  PRIMARY KEY (`id`)
) ENGINE=InnoDB DEFAULT CHARSET=utf8;

/*Data for the table `subject_topic` */

insert  into `subject_topic`(`id`,`exam_type_id`,`name`,`parent_id`,`sort`) values (73,1027,'(精选)施工管理(2019版)',0,1),(74,1027,'(精选)施工成本管理(2019）',0,2),(75,1027,'(精选)施工进度管理(2019版)',0,3),(76,1027,'(精选)施工质量控制(2019版)',0,4),(77,1027,'(精选)施工职业健康安全与环境管理(2019版)',0,5),(78,1027,'(精选)施工合同管理(2019版)',0,6),(79,1027,'(精选)施工信息管理(2019版)',0,7),(187,1025,'建设工程法律制度',3006,1),(188,1025,'合同法',3006,2),(189,1025,'建设工程纠纷的处理',3006,3),(190,1027,'(精选)施工方的项目管理',73,1),(191,1027,'(精选)施工管理的组织',73,2),(192,1027,'(精选)施工组织设计的内容和编制方法',73,3),(193,1027,'(精选)施工方项目管理目标的动态控制',73,4),(194,1027,'(精选)施工方项目经理的任务和责任',73,5),(195,1027,'(精选)施工风险管理',73,6),(196,1027,'(精选)工程监理的工作任务和方法',73,7),(197,1027,'(精选)建筑安装工程费用项目的组成与计算(2019)',74,1),(198,1027,'(精选)建设工程定额(2019版)',74,2),(202,1027,'(精选)建设工程项目进度控制的目标和任务',75,1),(203,1027,'(精选)施工方进度计划的类型及其作用',75,2),(204,1027,'(精选)施工进度计划的编制方法',75,3),(205,1027,'(精选)施工方进度控制的任务和措施',75,4),(206,1027,'(精选)施工质量管理和和施工质量控制',76,1),(207,1027,'(精选)施工质量管理体系',76,2),(208,1027,'(精选)施工质量控制的内容和方法',76,3),(209,1027,'(精选)施工质量事故预防和处理',76,4),(210,1027,'(精选)行政管理部门对施工质量的监督管理',76,5),(211,1027,'(精选)施工安全生产管理',77,2),(212,1027,'(精选)职业健康安全管理体系与环境管理体系',77,1),(213,1027,'(精选)施工发承包模式',78,1),(214,1027,'(精选)施工合同与物资采购合同',78,2),(215,1027,'(精选)施工计价方式',78,3),(216,1027,'(精选)施工合同执行过程的管理',78,4),(217,1027,'(精选)施工合同的索赔',78,5),(218,1027,'(精选)施工信息管理的任务和方法',79,1),(219,1027,'(精选)施工文件档案管理',79,2),(349,1028,'路基工程',3008,1),(352,1028,'路面工程',3008,2),(353,1028,'桥涵工程',3008,3),(354,1028,'公路隧道工程',3008,4),(355,1028,'交通工程及农村公路施工',3008,5),(356,1028,'公路工程施工组织设计及进度控制',3008,6),(357,1028,'公路工程施工质量管理',3008,7),(358,1028,'公路工程安全管理',3008,8),(359,1028,'公路工程项目施工成本管理及合同管理',3008,9),(360,1028,'公路工程施工现场生产要素管理',3008,10),(361,1028,'公路工程施工主要质量通病及防治',3008,11),(362,1028,'公路建设管理法规',3008,12),(363,1028,'《公路法》相关规定',3008,13),(436,1025,'历年真题(未按章节归类)',0,199),(440,1027,'历年真题(未按章节归类)',0,199),(442,1028,'历年真题(未按章节归类)',0,199),(443,1028,'模拟试题精选(官方版,会有重复)(2018页码解析)',0,200),(1803,1028,'案例分析专项练习(2018页码解析)',0,197),(2779,1027,'(精选)计量与支付(2019)',74,4),(2787,1027,'(精选)生产安全事故应急预案和事故处理',77,3),(2788,1027,'(精选)施工现场文明施工和环境保护的要求',77,4),(2867,1025,'(精选)建设工程基本法律知识(2019版)',0,4),(2868,1025,'(精选)建设工程法律体系',2867,1),(2869,1025,'(精选)建设工程法人制度',2867,2),(2870,1025,'(精选)建设工程代理制度',2867,3),(2871,1025,'(精选)建设工程物权制度',2867,4),(2872,1025,'(精选)建设工程债权制度',2867,5),(2873,1025,'(精选)建设工程知识产权制度',2867,6),(2874,1025,'(精选)建设工程担保制度',2867,7),(2875,1025,'(精选)建设工程保险制度',2867,8),(2876,1025,'(精选)建设工程法律责任制度',2867,9),(2877,1025,'(精选)施工许可法律制度(2019版)',0,5),(2878,1025,'(精选)建设工程施工许可制度',2877,1),(2879,1025,'(精选)施工企业从业资格制度',2877,2),(2880,1025,'(精选)建造师注册执业制度',2877,3),(2881,1025,'(精选)建设工程发承包法律制度(2019版)',0,6),(2882,1025,'(精选)建设工程招标投标制度',2881,1),(2883,1025,'(精选)建设工程承包制度',2881,2),(2884,1025,'(精选)建筑市场信用体系建设',2881,3),(2885,1025,'(精选)建设工程合同和劳动合同法律制度(2019版)',0,7),(2886,1025,'(精选)建设工程合同制度',2885,1),(2887,1025,'(精选)劳动合同及劳动者权益保护制度',2885,2),(2888,1025,'(精选)相关合同制度',2885,3),(2890,1025,'(精选)施工现场环境保护制度',2889,1),(2891,1025,'(精选)施工节约能源制度',2889,2),(2892,1025,'(精选)施工文物保护制度',2889,3),(2893,1025,'(精选)建设工程安全生产法律制度(2019版)',0,9),(2894,1025,'(精选)施工安全生产许可证制度',2893,1),(2895,1025,'(精选)施工安全生产责任和安全生产教育培训制度',2893,2),(2896,1025,'(精选)施工现场安全防护制度',2893,3),(2897,1025,'(精选)施工安全事故的应急救援与调查处理',2893,4),(2898,1025,'(精选)建设单位和相关单位的建设工程安全责任制度',2893,5),(2899,1025,'(精选)建设工程质量法律制度(2019版)',0,10),(2900,1025,'(精选)工程建设标准',2899,1),(2901,1025,'(精选)施工单位的质量责任和义务',2899,2),(2902,1025,'(精选)建设单位及相关单位的质量责任和义务',2899,3),(2903,1025,'(精选)建设工程竣工验收制度',2899,4),(2904,1025,'(精选)建设工程质量保修制度',2899,5),(2905,1025,'(精选)解决建设工程纠纷法律制度(2019版)',0,11),(2906,1025,'(精选)建设工程纠纷主要种类和法律解决途径',2905,1),(2907,1025,'(精选)民事诉讼制度',2905,2),(2908,1025,'(精选)仲裁制度',2905,3),(2909,1025,'(精选)调解与和解制度',2905,4),(2910,1025,'(精选)行政强制、行政复议和行政诉讼制度',2905,5),(2956,1028,'路基工程（新）(2018页码解析)',0,14),(2957,1028,'路基施工技术',2956,1),(2958,1028,'特殊路基施工技术',2956,2),(2959,1028,'路基防护与支挡',2956,3),(2961,1028,'路基工程质量通病及防护措施',2956,5),(2962,1028,'路面工程（新）(2018页码解析)',0,15),(2963,1028,'路面基层（底基层）施工技术',2962,1),(2964,1028,'沥青路面和水泥混凝土路面施工技术',2962,2),(2965,1028,'路面防、排水施工技术',2962,3),(2967,1028,'路面试验检测技术',2962,5),(2968,1028,'路面工程质量通病及防治措施',2962,6),(2969,1028,'桥涵工程（新）(2018页码解析)',0,16),(2970,1028,'桥梁的组成、分类、施工技术及测量',2969,1),(2971,1028,'涵洞的组成、分类及施工技术',2969,2),(2972,1028,'桥梁工程质量通病及防治措施',2969,3),(2973,1028,'公路隧道工程（新）(2018页码解析)',0,17),(2974,1028,'隧道工程',2973,1),(2975,1028,'隧道施工测量和监控量测技术',2973,2),(2976,1028,'隧道工程质量通病及防治措施',2973,3),(2977,1028,'交通工程（新）(2018页码解析)',0,18),(2978,1028,'交通安全设施的主要构成与功能',2977,1),(2979,1028,'监控系统的主要构成与功能',2977,2),(2980,1028,'公路工程项目施工管理（新）(2018页码解析)',0,19),(2981,1028,'公路工程施工组织设计',2980,1),(2982,1028,'公路工程施工进度管理',2980,2),(2983,1028,'公路工程施工质量管理',2980,3),(2984,1028,'公路工程施工质量检验',2980,4),(2985,1028,'公路工程安全管理的范围及要求',2980,5),(2986,1028,'公路工程安全技术要求',2980,6),(2987,1028,'公路工程施工技术管理',2980,7),(2988,1028,'公路工程施工招标投标管理',2980,8),(2989,1028,'公路工程施工成本管理',2980,9),(2990,1028,'公路工程施工合同管理',2980,10),(2991,1028,'公路工程施工现场临时工程管理',2980,11),(2992,1028,'公路工程施工现场劳务用工配置与管理',2980,12),(2993,1028,'公路工程施工现场材料管理',2980,13),(2995,1028,'公路建设管理法规和标准（新）(2018页码解析)',0,20),(2996,1028,'公路建设管理法规体系和工程标准体系',2995,1),(2997,1028,'公路工程施工企业资质和承担工程的范围',2995,2),(2998,1028,'公路工程施工安全生产相关规定',2995,3),(2999,1028,'公路工程质量事故等级划分和报告制度',2995,4),(3001,1028,'公路建设管理相关规定',2995,6),(3003,1028,'精选案例题练习（新）(2018页码解析)',0,196),(4283,1025,'历年真题（按章节归类）',0,100),(4286,1027,'历年真题（按章节归类）',0,100),(4290,1025,'建设工程法律体系(2019版)',4283,1),(4291,1025,'建设工程法人制度(2019版)',4283,2),(4292,1025,'建设工程代理制度(2019版)',4283,3),(4293,1025,'建设工程物权制度(2019版)',4283,4),(4294,1025,'建设工程债权制度(2019版)',4283,5),(4295,1025,'建设工程知识产权制度(2019版)',4283,6),(4296,1025,'建设工程担保制度(2019版)',4283,7),(4297,1025,'建设工程法律责任制度(2019版)',4283,8),(4298,1025,'建设工程施工许可制度(2019版)',4283,9),(4299,1025,'施工企业从业资格制度(2019版)',4283,10),(4300,1025,'建造师注册执业制度(2019版)',4283,11),(4301,1025,'建设工程招标投标制度(2019版)',4283,12),(4302,1025,'建设工程承包制度(2019版)',4283,13),(4303,1025,'建筑市场信用体系建设(2019版)',4283,14),(4304,1025,'建设工程合同制度(2019版)',4283,15),(4305,1025,'劳动合同及劳动关系制度(2019版)(2019版)',4283,16),(4306,1025,'相关合同制度(2019版)(2019版)',4283,17),(4307,1025,'施工现场环境保护制度(2019版)(2019版)',4283,18),(4308,1025,'施工节约能源制度(2019版)(2019版)',4283,19),(4309,1025,'施工文物保护制度(2019版)(2019版)',4283,20),(4310,1025,'施工安全生产许可证制度(2019版)',4283,21),(4311,1025,'施工安全生产责任和安全生产教育培训制度(2019版)',4283,22),(4312,1025,'施工现场安全防护制度(2019版)',4283,23),(4313,1025,'施工安全事故的应急救援与调查处理(2019版)',4283,24),(4314,1025,'建设单位和相关单位的建设工程安全责任制度(2019版)',4283,25),(4315,1025,'工程建设标准(2019版)',4283,26),(4316,1025,'施工单位的质量责任和义务(2019版)',4283,27),(4317,1025,'建设单位及相关单位的质量责任和义务(2019版)',4283,28),(4318,1025,'建设工程竣工验收制度(2019版)',4283,29),(4319,1025,'建设工程质量保修制度(2019版)',4283,30),(4320,1025,'建设工程纠纷主要种类和法律解决途径(2019版)',4283,31),(4321,1025,'民事诉讼制度(2019版)',4283,32),(4322,1025,'仲裁制度(2019版)',4283,33),(4323,1025,'调解与和解制度(2019版)',4283,34),(4324,1025,'行政强制、行政复议和行政诉讼制度(2019版)',4283,35),(4362,1027,'施工方的项目管理(2019版)',4286,1),(4363,1027,'(真题)建筑安装工程费用项目的组成与计算(2019版)',4286,9),(4364,1027,'施工管理的组织(2019版)',4286,3),(4366,1027,'施工组织设计的内容和编制方法(2019版)',4286,5),(4367,1027,'施工项目管理目标的动态控制(2019版)',4286,6),(4368,1027,'施工项目经理的任务和责任(2019版)',4286,7),(4369,1027,'施工风险管理(2019版)',4286,8),(4370,1027,'工程监理的工作任务和方法(2019版)',4286,9),(4371,1027,'建设工程定额(2019版)',4286,9),(4372,1027,'(真题)计量与支付(2019)',4286,11),(4375,1027,'建设工程项目进度控制的目标和任务(2019版)',4286,14),(4376,1027,'施工进度计划的类型及其作用(2019版)',4286,15),(4377,1027,'施工进度计划的编制方法(2019版)',4286,16),(4378,1027,'施工进度控制的任务和措施(2019版)',4286,17),(4379,1027,'施工质量管理与施工质量控制(2019版)',4286,18),(4380,1027,'施工质量管理体系(2019版)',4286,19),(4381,1027,'施工质量控制的内容和方法(2019版)',4286,20),(4382,1027,'施工质量事故预防与处理(2019版)',4286,21),(4383,1027,'(真题)行政管理部门对施工质量的监督管理(2019)',4286,22),(4384,1027,'职业健康安全管理体系与环境管理体系(2019版)',4286,23),(4385,1027,'施工安全生产管理(2019版)',4286,24),(4386,1027,'生产安全事故应急预案和事故处理(2019版)',4286,25),(4387,1027,'施工现场文明施工和环境保护要求(2019版)',4286,26),(4388,1027,'施工发承包模式(2019版)',4286,27),(4389,1027,'施工合同与物资采购合同(2019版)',4286,28),(4390,1027,'施工计价方式(2019版)',4286,29),(4391,1027,'施工合同执行过程的管理(2019版)',4286,30),(4392,1027,'施工合同的索赔(2019版)',4286,31),(4393,1027,'施工信息管理的任务和方法(2019版)',4286,32),(4394,1027,'施工文件归档管理(2019版)',4286,33),(4696,1028,'公路案例大全(2018)',0,80),(4697,1028,'施工进度管理（历年考题+案例大全）',4696,1),(4698,1028,'施工质量管理（历年考题+案例大全）',4696,2),(4699,1028,'施工安全管理（历年考题+案例大全）',4696,3),(4700,1028,'施工成本管理（历年考题+案例大全）',4696,4),(4701,1028,'施工合同管理（历年考题+案例大全）',4696,5),(4702,1028,'施工现场管理（历年考题+案例大全）',4696,6),(5132,1025,'建设工程保险制度(2019版)',4283,8),(6237,1027,'(强化)施工管理(2019版)',0,8),(6238,1027,'(强化)施工成本管理(2019)',0,9),(6239,1027,'(强化)施工进度管理(2019版)',0,10),(6240,1027,'(强化)施工质量控制(2019版)',0,11),(6241,1027,'(强化)施工职业健康安全与环境管理(2019版)',0,12),(6242,1027,'(强化)施工合同管理(2019版)',0,13),(6243,1027,'(强化)施工信息管理(2019版)',0,14),(6244,1027,'(强化)施工方的项目管理',6237,1),(6245,1027,'(强化)施工管理的组织',6237,2),(6246,1027,'(强化)施工组织设计的内容和编制方法',6237,3),(6247,1027,'(强化)施工方项目管理目标的动态控制',6237,4),(6248,1027,'(强化)施工方项目经理的任务和责任',6237,5),(6249,1027,'(强化)施工风险管理',6237,6),(6250,1027,'(强化)工程监理的工作任务和方法',6237,7),(6251,1027,'(强化)建筑安装工程费用项目的组成与计算(2019)',6238,1),(6252,1027,'(强化)建设工程定额(2019版)',6238,2),(6255,1027,'(强化)计量与支付(2019)',6238,4),(6256,1027,'(强化)建设工程项目进度控制的目标和任务',6239,1),(6257,1027,'(强化)施工方进度计划的类型及其作用',6239,2),(6258,1027,'(强化)施工进度计划的编制方法',6239,3),(6259,1027,'(强化)施工方进度控制的任务和措施',6239,4),(6260,1027,'(强化)施工质量管理和和施工质量控制',6240,1),(6261,1027,'(强化)施工质量管理体系',6240,2),(6262,1027,'(强化)施工质量控制的内容和方法',6240,3),(6263,1027,'(强化)施工质量事故预防和处理',6240,4),(6264,1027,'(强化)行政管理部门对施工质量的监督管理',6240,5),(6265,1027,'(强化)施工安全生产管理',6241,2),(6266,1027,'(强化)职业健康安全管理体系与环境管理体系',6241,1),(6267,1027,'(强化)生产安全事故应急预案和事故处理',6241,3),(6268,1027,'(强化)施工现场文明施工和环境保护的要求',6241,4),(6269,1027,'(强化)施工发承包模式',6242,1),(6270,1027,'(强化)施工合同与物资采购合同',6242,2),(6271,1027,'(强化)施工计价方式',6242,3),(6272,1027,'(强化)施工合同执行过程的管理',6242,4),(6273,1027,'(强化)施工合同的索赔',6242,5),(6274,1027,'(强化)施工信息管理的任务和方法',6243,1),(6275,1027,'(强化)施工文件档案管理',6243,2),(6356,1025,'(强化)建设工程基本法律知识(2019版)',0,12),(6357,1025,'(强化)施工许可法律制度(2019版)',0,13),(6358,1025,'(强化)建设工程发承包法律制度(2019版)',0,14),(6359,1025,'(强化)建设工程合同和劳动合同法律制度(2019版)',0,15),(6360,1025,'(精选)环境保护、节约能源和文物保护法律制度(2019版)',0,8),(6361,1025,'(强化)建设工程安全生产法律制度(2019版)',0,17),(6362,1025,'(强化)建设工程质量法律制度(2019版)',0,18),(6363,1025,'(强化)解决建设工程纠纷法律制度(2019版)',0,19),(6364,1025,'(强化)建设工程法律体系',6356,1),(6365,1025,'(强化)建设工程法人制度',6356,2),(6366,1025,'(强化)建设工程代理制度',6356,3),(6367,1025,'(强化)建设工程物权制度',6356,4),(6368,1025,'(强化)建设工程债权制度',6356,5),(6369,1025,'(强化)建设工程知识产权制度',6356,6),(6370,1025,'(强化)建设工程担保制度',6356,7),(6371,1025,'(强化)建设工程保险制度',6356,8),(6372,1025,'(强化)建设工程法律责任制度',6356,9),(6373,1025,'(强化)建设工程施工许可制度',6357,1),(6374,1025,'(强化)施工企业从业资格制度',6357,2),(6375,1025,'(强化)建造师注册执业制度',6357,3),(6376,1025,'(强化)建设工程招标投标制度',6358,1),(6377,1025,'(强化)建设工程承包制度',6358,2),(6378,1025,'(强化)建筑市场信用体系建设',6358,3),(6379,1025,'(强化)建设工程合同制度',6359,1),(6380,1025,'(强化)劳动合同及劳动者权益保护制度',6359,2),(6381,1025,'(强化)相关合同制度',6359,3),(6382,1025,'(精选)施工现场环境保护制度',6360,1),(6383,1025,'(精选)施工节约能源制度',6360,2),(6384,1025,'(精选)施工文物保护制度',6360,3),(6385,1025,'(强化)施工安全生产许可证制度',6361,1),(6386,1025,'(强化)施工安全生产责任和安全生产教育培训制度',6361,2),(6387,1025,'(强化)施工现场安全防护制度',6361,3),(6388,1025,'(强化)施工安全事故的应急救援与调查处理',6361,4),(6389,1025,'(强化)建设单位和相关单位的建设工程安全责任制度',6361,5),(6390,1025,'(强化)工程建设标准',6362,1),(6391,1025,'(强化)施工单位的质量责任和义务',6362,2),(6392,1025,'(强化)建设单位及相关单位的质量责任和义务',6362,3),(6393,1025,'(强化)建设工程竣工验收制度',6362,4),(6394,1025,'(强化)建设工程质量保修制度',6362,5),(6395,1025,'(强化)建设工程纠纷主要种类和法律解决途径',6363,1),(6396,1025,'(强化)民事诉讼制度',6363,2),(6397,1025,'(强化)仲裁制度',6363,3),(6398,1025,'(强化)调解与和解制度',6363,4),(6399,1025,'(强化)行政强制、行政复议和行政诉讼制度',6363,5),(6400,1027,'(精选)工程量清单计价(2019)',74,3),(6401,1027,'(强化)工程量清单计价(2019)',6238,3),(6404,1027,'(精选)施工成本管理的任务、程序和措施(2019)',74,5),(6405,1027,'(强化)施工成本管理的任务、程序和措施(2019)',6238,13),(6406,1027,'(精选)施工成本计划和成本控制(2019)',74,6),(6407,1027,'(强化)施工成本计划和成本控制(2019)',6238,13),(6408,1027,'(精选)施工成本核算、成本分析和成本考核((2019)',74,7),(6409,1027,'(强化)施工成本核算、成本分析和成本考核((2019)',6238,14),(6410,1027,'(真题)工程量清单计价(2019)',4286,10),(6411,1027,'(真题)施工成本核算、成本分析和成本考核(2019)',4286,14),(6412,1027,'(真题)施工成本计划和成本控制(2019)',4286,13),(6413,1027,'(真题)施工成本管理的任务、程序和措施(2019)',4286,12),(6428,1028,'路基工程(2019)',0,1),(6429,1028,'路面工程(2019)',0,2),(6430,1028,'桥涵工程(2019)',0,3),(6431,1028,'隧道工程(2019)',0,4),(6432,1028,'交通工程(2019)',0,5),(6433,1028,'公路工程项目施工管理(2019)',0,6),(6434,1028,'建设管理法规与标准(2019)',0,7),(6435,1028,'历年真题(按章节归类2019)',0,10),(6436,1028,'路基施工技术(2019)',6428,1),(6437,1028,'路基防护与支档(2019)',6428,2),(6438,1028,'路基试验检测技术(2019)',6428,3),(6439,1028,'公路工程施工测量技术(2019)',6428,4),(6440,1028,'路基工程质量通病及防治措施(2019)',6428,5),(6441,1028,'路面基层（底基层）施工技术（2019）',6429,1),(6442,1028,'沥青路面施工技术（2019）',6429,2),(6443,1028,'水泥混凝土路面施工技术（2019）',6429,3),(6444,1028,'路面防、排水施工技术（2019）',6429,4),(6445,1028,'路面试验检测技术（2019）',6429,5),(6446,1028,'路面工程质量通病及防治措施（2019）',6429,6),(6447,1028,'桥梁工程（2019）',6430,1),(6448,1028,'涵洞工程（2019）',6430,2),(6449,1028,'桥涵工程质量通病及防治措施（2019）',6430,3),(6450,1028,'隧道围堰分级与隧道构造（2019）',6431,1),(6451,1028,'隧道地质超前预报和监控量测技术（2019）',6431,2),(6452,1028,'公路隧道工程（2019）',6431,3),(6453,1028,'交通安全设施（2019）',6432,1),(6454,1028,'监控和照明系统（2019）',6432,2),(6455,1028,'施工组织与部署(2019)',6433,1),(6456,1028,'施工进度控制(2019)',6433,2),(6457,1028,'技术管理(2019)',6433,3),(6458,1028,'质量管理(2019)',6433,4),(6459,1028,'安全管理(2019)',6433,5),(6460,1028,'合同管理(2019)',6433,6),(6461,1028,'成本管理(2019)',6433,7),(6462,1028,'造价管理(2019)',6433,8),(6463,1028,'施工现场临时工程管理(2019)',6433,9),(6464,1028,'施工机械设备的使用管理(2019)',6433,10),(6465,1028,'公路施工安全生产和质量相关规定(2019)',0,8),(6466,1028,'注册执业管理规定及相关要求(2019)',0,9),(6467,1028,'公路建设法规体系和标准体系(2019)',6434,1),(6468,1028,'公路建设管理相关规定(2019)',6434,2),(6469,1028,'施工安全生产相关规定(2019)',6465,1),(6470,1028,'质量管理相关规定(2019)',6465,2),(6471,1028,'(真题)路基施工技术(2019)',6435,1),(6472,1028,'(真题)路基防护与支档(2019)',6435,2),(6473,1028,'(真题)路基试验检测技术(2019)',6435,3),(6474,1028,'(真题)公路工程施工测量技术(2019)',6435,4),(6475,1028,'(真题)路基工程质量通病及防治措施(2019)',6435,5),(6476,1028,'(真题)路面基层（底基层）施工技术（2019）',6435,6),(6477,1028,'(真题)沥青路面施工技术（2019）',6435,7),(6478,1028,'(真题)水泥混凝土路面施工技术（2019）',6435,8),(6479,1028,'(真题)路面防、排水施工技术（2019）',6435,9),(6480,1028,'(真题)路面试验检测技术（2019）',6435,10),(6481,1028,'(真题)路面工程质量通病及防治措施（2019）',6435,11),(6482,1028,'(真题)桥梁工程（2019）',6435,12),(6483,1028,'(真题)涵洞工程（2019）',6435,13),(6484,1028,'(真题)桥涵工程质量通病及防治措施（2019）',6435,14),(6485,1028,'(真题)隧道围堰分级与隧道构造（2019）',6435,15),(6486,1028,'(真题)隧道地质超前预报和监控量测技术（2019）',6435,16),(6487,1028,'(真题)公路隧道工程（2019）',6435,17),(6488,1028,'(真题)交通安全设施（2019）',6435,18),(6489,1028,'(真题)监控和照明系统（2019）',6435,19),(6490,1028,'(真题)施工组织与部署(2019)',6435,20),(6491,1028,'(真题)施工进度控制(2019)',6435,21),(6492,1028,'(真题)技术管理(2019)',6435,22),(6493,1028,'(真题)质量管理(2019)',6435,23),(6494,1028,'(真题)安全管理(2019)',6435,24),(6495,1028,'(真题)合同管理(2019)',6435,25),(6496,1028,'(真题)成本管理(2019)',6435,26),(6497,1028,'(真题)造价管理(2019)',6435,27),(6498,1028,'(真题)施工现场临时工程管理(2019)',6435,28),(6499,1028,'(真题)施工机械设备的使用管理(2019)',6435,29),(6500,1028,'(真题)公路建设法规体系和标准体系(2019)',6435,30),(6501,1028,'(真题)公路建设管理相关规定(2019)',6435,31),(6502,1028,'(真题)施工安全生产相关规定(2019)',6435,32),(6503,1028,'(真题)质量管理相关规定(2019)',6435,33),(6504,1028,'(真题)注册执业管理规定及相关要求(2019)',6435,34),(6506,1027,'(精选)建设工程施工合同风险管理、工程保险和工程担保',78,6),(6508,1028,'配套案例(2019)',0,13);

/*Table structure for table `subject_type` */

CREATE TABLE `subject_type` (
  `id` int(11) NOT NULL,
  `type` varchar(255) DEFAULT NULL COMMENT '标题',
  `describe` varchar(255) DEFAULT NULL COMMENT '描述',
  PRIMARY KEY (`id`)
) ENGINE=InnoDB DEFAULT CHARSET=utf8 COMMENT='题类型';

/*Data for the table `subject_type` */

insert  into `subject_type`(`id`,`type`,`describe`) values (1,'单选题','选项当中只有一个是正确的答案'),(2,'多选题','每题的备选项中，有2个或2个以上符合题意，至少有1个错项，错选，本题不得分；少选，所选的每个选项得0.5分'),(3,'案例解析题','用户在提交试卷后，根据该题的答案和解析进行自我评分'),(4,'综合场景题','根据场景中提供的材料，按照要求回答问题'),(5,'混选题','由单选和多选题混合组成，每题的备选项中至少有1个答案。错选，本题不得分；少选，所选的选项得0.5分'),(6,'判断题','根据题意判断正误'),(7,'填空题','根据题目要求填写出相应答案'),(8,'计算题','根据题目要求计算出答案');

/*!40101 SET SQL_MODE=@OLD_SQL_MODE */;
/*!40014 SET FOREIGN_KEY_CHECKS=@OLD_FOREIGN_KEY_CHECKS */;
/*!40014 SET UNIQUE_CHECKS=@OLD_UNIQUE_CHECKS */;
/*!40111 SET SQL_NOTES=@OLD_SQL_NOTES */;
